<?xml version="1.0"?>
<!DOCTYPE module PUBLIC
		"-//Checkstyle//DTD Checkstyle Configuration 1.3//EN"
		"https://checkstyle.org/dtds/configuration_1_3.dtd">
<module name="com.puppycrawl.tools.checkstyle.Checker">
	<module name="com.puppycrawl.tools.checkstyle.checks.NewlineAtEndOfFileCheck" />

	<!-- TreeWalker Checks -->
	<module name="com.puppycrawl.tools.checkstyle.TreeWalker">
		<!-- Annotations -->
		<module name="com.puppycrawl.tools.checkstyle.checks.annotation.AnnotationUseStyleCheck">
			<property name="elementStyle" value="compact" />
		</module>
		<module name="com.puppycrawl.tools.checkstyle.checks.annotation.MissingOverrideCheck" />
		<module name="com.puppycrawl.tools.checkstyle.checks.annotation.PackageAnnotationCheck" />
		<module name="com.puppycrawl.tools.checkstyle.checks.annotation.AnnotationLocationCheck">
			<property name="allowSamelineSingleParameterlessAnnotation"
					  value="false" />
		</module>

		<!-- Block Checks -->
		<module name="com.puppycrawl.tools.checkstyle.checks.blocks.EmptyBlockCheck">
			<property name="option" value="text" />
		</module>
		<module name="com.puppycrawl.tools.checkstyle.checks.blocks.LeftCurlyCheck" />
		<module name="com.puppycrawl.tools.checkstyle.checks.blocks.RightCurlyCheck">
			<property name="option" value="alone" />
		</module>
		<module name="com.puppycrawl.tools.checkstyle.checks.blocks.NeedBracesCheck" />
		<module name="com.puppycrawl.tools.checkstyle.checks.blocks.AvoidNestedBlocksCheck" />

		<!-- Class Design -->
		<module name="com.puppycrawl.tools.checkstyle.checks.design.FinalClassCheck" />
		<module name="com.puppycrawl.tools.checkstyle.checks.design.InterfaceIsTypeCheck" />
		<module name="com.puppycrawl.tools.checkstyle.checks.design.HideUtilityClassConstructorCheck" />
		<module name="com.puppycrawl.tools.checkstyle.checks.design.MutableExceptionCheck" />
		<module name="com.puppycrawl.tools.checkstyle.checks.design.InnerTypeLastCheck" />
		<module name="com.puppycrawl.tools.checkstyle.checks.design.OneTopLevelClassCheck" />

		<!-- Coding -->
		<module name="com.puppycrawl.tools.checkstyle.checks.coding.CovariantEqualsCheck" />
		<module name="com.puppycrawl.tools.checkstyle.checks.coding.EmptyStatementCheck" />
		<module name="com.puppycrawl.tools.checkstyle.checks.coding.EqualsHashCodeCheck" />
		<module name="com.puppycrawl.tools.checkstyle.checks.coding.InnerAssignmentCheck" />
		<module name="com.puppycrawl.tools.checkstyle.checks.coding.SimplifyBooleanExpressionCheck" />
		<module name="com.puppycrawl.tools.checkstyle.checks.coding.SimplifyBooleanReturnCheck" />
		<module name="com.puppycrawl.tools.checkstyle.checks.coding.StringLiteralEqualityCheck" />
		<module name="com.puppycrawl.tools.checkstyle.checks.coding.NestedForDepthCheck">
			<property name="max" value="3" />
		</module>
		<module name="com.puppycrawl.tools.checkstyle.checks.coding.NestedIfDepthCheck">
			<property name="max" value="3" />
		</module>
		<module name="com.puppycrawl.tools.checkstyle.checks.coding.NestedTryDepthCheck">
			<property name="max" value="3" />
		</module>
		<module name="com.puppycrawl.tools.checkstyle.checks.coding.MultipleVariableDeclarationsCheck" />
		<module name="com.puppycrawl.tools.checkstyle.checks.coding.RequireThisCheck">
			<property name="checkMethods" value="false" />
			<property name="validateOnlyOverlapping" value="true" />
		</module>
		<module name="com.puppycrawl.tools.checkstyle.checks.coding.OneStatementPerLineCheck" />

		<!-- Imports -->
		<module name="com.puppycrawl.tools.checkstyle.checks.imports.IllegalImportCheck" />
		<module name="com.puppycrawl.tools.checkstyle.checks.imports.RedundantImportCheck" />
		<module name="com.puppycrawl.tools.checkstyle.checks.imports.UnusedImportsCheck">
			<property name="processJavadoc" value="true" />
		</module>

		<!-- Miscellaneous -->
		<module name="com.puppycrawl.tools.checkstyle.checks.indentation.CommentsIndentationCheck">
			<property name="tokens" value="BLOCK_COMMENT_BEGIN"/>
		</module>
		<module name="com.puppycrawl.tools.checkstyle.checks.UpperEllCheck" />
		<module name="com.puppycrawl.tools.checkstyle.checks.ArrayTypeStyleCheck" />
		<module name="com.puppycrawl.tools.checkstyle.checks.OuterTypeFilenameCheck" />

		<!-- Regexp -->
		<module name="com.puppycrawl.tools.checkstyle.checks.regexp.RegexpSinglelineJavaCheck">
			<property name="format" value="^\t* +\t*\S" />
			<property name="message"
					  value="Line has leading space characters; indentation should be performed with tabs only." />
			<property name="ignoreComments" value="true" />
		</module>
		<module name="com.puppycrawl.tools.checkstyle.checks.regexp.RegexpSinglelineJavaCheck">
			<property name="maximum" value="0"/>
			<property name="format" value="org\.mockito\.Mockito\.(when|doThrow|doAnswer)" />
			<property name="message"
					  value="Please use BDDMockito imports." />
			<property name="ignoreComments" value="true" />
		</module>
		<module name="com.puppycrawl.tools.checkstyle.checks.regexp.RegexpSinglelineJavaCheck">
			<property name="maximum" value="0"/>
			<property name="format" value="org\.junit\.Assert\.assert" />
			<property name="message"
					  value="Please use AssertJ imports." />
			<property name="ignoreComments" value="true" />
		</module>
		<module name="com.puppycrawl.tools.checkstyle.checks.regexp.RegexpCheck">
			<property name="format" value="[ \t]+$" />
			<property name="illegalPattern" value="true" />
			<property name="message" value="Trailing whitespace" />
		</module>

		<!-- Whitespace -->
		<module name="com.puppycrawl.tools.checkstyle.checks.whitespace.GenericWhitespaceCheck" />
		<module name="com.puppycrawl.tools.checkstyle.checks.whitespace.MethodParamPadCheck" />
		<module name="com.puppycrawl.tools.checkstyle.checks.whitespace.NoWhitespaceAfterCheck" >
			<property name="tokens" value="BNOT, DEC, DOT, INC, LNOT, UNARY_MINUS, UNARY_PLUS, ARRAY_DECLARATOR"/>
		</module>
		<module name="com.puppycrawl.tools.checkstyle.checks.whitespace.NoWhitespaceBeforeCheck" />
		<module name="com.puppycrawl.tools.checkstyle.checks.whitespace.ParenPadCheck" />
		<module name="com.puppycrawl.tools.checkstyle.checks.whitespace.TypecastParenPadCheck" />
		<module name="com.puppycrawl.tools.checkstyle.checks.whitespace.WhitespaceAfterCheck" />
		<module name="com.puppycrawl.tools.checkstyle.checks.whitespace.WhitespaceAroundCheck" />

		<!-- Final checks -->
		<module name="com.puppycrawl.tools.checkstyle.checks.FinalParametersCheck" />
		<module name="com.puppycrawl.tools.checkstyle.checks.coding.FinalLocalVariableCheck" />
	</module>

	<module name="SuppressionFilter">
		<property name="file" value="${config_loc}/supressions.xml"/>
	</module>
</module>
